餌名,メーカー,分類,粗蛋白,粗脂肪,粗繊維,粗灰分,detail_url
育てる栄養フード,GEX,育成,44,6.5,4,15,./feeds/gex/gex-001.html
彩姫　成長用,GEX,育成,50,10,3.5,18,./feeds/gex/gex-002.html
彩姫　産卵繁殖用,GEX,産卵,50,8,3.5,18,./feeds/gex/gex-003.html
彩姫　極上complete,GEX,主食,50,7,4,18,./feeds/gex/gex-004.html
プロバイオフードクリア,GEX,主食,46,6,4,15,./feeds/gex/gex-005.html
繁殖成長用プロバイオフード,GEX,産卵,48,6,4,15,./feeds/gex/gex-006.html
メダカ元気産卵育成フード,GEX,育成,33,4,2,14,./feeds/gex/gex-007.html
メダカ元気パウダーフード,GEX,主食,38,4,4,15,./feeds/gex/gex-008.html
いつでも食べられるフード,GEX,補助,43,5,4,15,./feeds/gex/gex-009.html
メダカの舞ベビー,キョーリン,育成,48,12,3,15,./feeds/kyorin/kyo-001.html
メダカの舞ネクスト,キョーリン,育成,48,12,3,15,./feeds/kyorin/kyo-002.html
メダカの舞コンプリート,キョーリン,主食,48,12,3,15,./feeds/kyorin/kyo-003.html
メダカの舞ブリード,キョーリン,産卵,50,11,3,15,./feeds/kyorin/kyo-004.html
メダカの舞メンテナンス,キョーリン,機能,38,7,3,15,./feeds/kyorin/kyo-005.html
メダカの舞スーパーオレンジ,キョーリン,機能,48,12,3,15,./feeds/kyorin/kyo-006.html
ハイパー育成ベビー,キョーリン,育成,48,12,3,15,./feeds/kyorin/kyo-007.html
ハイパー育成稚魚,キョーリン,育成,48,12,3,15,./feeds/kyorin/kyo-008.html
ハイパー育成幼魚,キョーリン,育成,48,12,3,15,./feeds/kyorin/kyo-009.html
金パケ,キョーリン,産卵,51,10,3,17,./feeds/kyorin/kyo-010.html
ハイパー良消化,キョーリン,機能,38,7,3,15,./feeds/kyorin/kyo-011.html
ハイパー色揚,キョーリン,機能,48,12,3,15,./feeds/kyorin/kyo-012.html
すくすくメダカ,キョーリン,主食,35,3,3,12,./feeds/kyorin/kyo-013.html
メダカのエサ,キョーリン,主食,48,5,2,16,./feeds/kyorin/kyo-014.html
うきうきフレーク,キョーリン,主食,42,3,5,15,./feeds/kyorin/kyo-015.html
ちびっこメダカのエサ,キョーリン,育成,48,3,2,18,./feeds/kyorin/kyo-016.html
メダカプロスベビー,キョーリン,育成,46,7,3,13,./feeds/kyorin/kyo-017.html
メダカプロス,キョーリン,主食,46,7,3,13,./feeds/kyorin/kyo-018.html
メダカプロス産卵繁殖用,キョーリン,産卵,48,11,3,15,./feeds/kyorin/kyo-019.html
メダカプロス色揚,キョーリン,機能,46,7,3,13,./feeds/kyorin/kyo-020.html
ひかりメダカフレーク,キョーリン,主食,42,3,5,15,./feeds/kyorin/kyo-021.html
ひかりベビー&ベビー,キョーリン,育成,48,3,2,18,./feeds/kyorin/kyo-022.html
ひかりプランクトン稚魚用フード,キョーリン,育成,48,3,2,18,./feeds/kyorin/kyo-023.html
1DAY補給食,キョーリン,補助,38,5,3,12,./feeds/kyorin/kyo-024.html
キリミン,テトラ,主食,46,14,2,8,./feeds/tetra/tet-001.html
キリミンベビー,テトラ,育成,46,14,2,8,./feeds/tetra/tet-002.html
キリミン繁殖+水キレイ,テトラ,産卵,45,14,2,9,./feeds/tetra/tet-003.html
キリミン繁殖+カラー,テトラ,産卵,45,14,2,9,./feeds/tetra/tet-004.html
キリミンカラー,テトラ,機能,46,11,2,7,./feeds/tetra/tet-005.html
留守番ごはんメダカ用,テトラ,補助,52,7,2.5,10,./feeds/tetra/tet-006.html
ハイグロウSS,ニチドウ,育成,54,10,3,17,./feeds/nichidou/nid-001.html
ハイグロウS,ニチドウ,育成,54,10,3,17,./feeds/nichidou/nid-002.html
ハイグロウM,ニチドウ,育成,52,12,3,17,./feeds/nichidou/nid-003.html
めだか膳光メダカ用,ニチドウ,主食,53,10,4,18,./feeds/nichidou/nid-004.html
めだか膳繁殖メダカ用,ニチドウ,産卵,53,10,4,18,./feeds/nichidou/nid-005.html
めだか膳極色揚げ用,ニチドウ,機能,53,10,4,18,./feeds/nichidou/nid-006.html
めだか膳粘膜用,ニチドウ,機能,53,10,4,18,./feeds/nichidou/nid-007.html
めだか膳稚魚用,ニチドウ,育成,53,10,4,18,./feeds/nichidou/nid-008.html
メディメダカ針子フード,ニチドウ,育成,60,10,6,15,./feeds/nichidou/nid-009.html
メディメダカ繁殖アップ,ニチドウ,産卵,50,11,4,18,./feeds/nichidou/nid-010.html
特選メダカの餌,スドー,主食,54,10,3.3,17,./feeds/sudou/sud-001.html
上選メダカの餌,スドー,主食,46,3.8,2.7,16,./feeds/sudou/sud-002.html
特選メダカの餌あかね,スドー,機能,53,8,3,15,./feeds/sudou/sud-003.html
特選メダカの餌稚魚用,スドー,育成,49,11,3.1,15,./feeds/sudou/sud-004.html
メダカの粉餌針子用,スドー,育成,38,3,6,15,./feeds/sudou/sud-005.html
メダカ針子高タンパク,イトスイ,育成,50,7,3,15,./feeds/itosui/ito-001.html
コメットメダカのエサ,イトスイ,主食,48,8,2.5,17,./feeds/itosui/ito-002.html
コメット赤ちゃんのエサ,イトスイ,育成,35,4,4,8,./feeds/itosui/ito-003.html
赤ちゃんメダカの主食納豆菌,イトスイ,育成,43,4,4,8,./feeds/itosui/ito-004.html
メダカの主食納豆菌,イトスイ,主食,43,5,3,12,./feeds/itosui/ito-005.html
稚魚メダカの主食,イトスイ,育成,43,6,4,12,./feeds/itosui/ito-006.html
針子メダカの主食,イトスイ,育成,43,6,4,12,./feeds/itosui/ito-007.html
メダカ針子,イトスイ,育成,43,6,4,12,./feeds/itosui/ito-008.html
メダカ稚魚,イトスイ,育成,43,6,4,12,./feeds/itosui/ito-009.html
メダカ成魚高タンパク,イトスイ,主食,50,7,3,15,./feeds/itosui/ito-010.html
針子メダカの主食高タンパク,イトスイ,育成,53,7,3,15,./feeds/itosui/ito-011.html
産卵繁殖メダカの主食,イトスイ,産卵,50,7,3,15,./feeds/itosui/ito-012.html
成魚メダカの主食,イトスイ,主食,40,3,3,16,./feeds/itosui/ito-013.html
幼魚メダカの主食,イトスイ,育成,46,6,4,14,./feeds/itosui/ito-014.html
究極の餌メダカ用,B-blast,主食,50,10,3,16,./feeds/other/kyukyoku-001.html
ENNMA essence,ENNMA,主食,53,10,3,17,./feeds/ennma/enn-001.html
びんびんclimax,びんびん本舗,主食,54,10,3,17,./feeds/binbin/bin-001.html
ライズ,日清丸紅,主食,50,6,3.5,18,./feeds/RISE.html
おとひめ,日清丸紅,主食,50,10,3,16,./feeds/OTOHIME.html
あゆ稚魚用,日清丸紅,主食,49,3,5,17,./feeds/AYU-BABY.html
ハイジャンプ,林兼産業,主食,46,5,1,18,./feeds/HIJUMP.html
種苗生産用飼料リッチA.B.C,科学飼料研究所,主食,54,10,3,17,./feeds/RICH-ABC.html
アンブローズ100/200,フィードワン,主食,53,8,3,15,./feeds/AMB-100200.html
アンブローズ400/600,フィードワン,主食,52,8,3,15,./feeds/ambrose.html
